<?xml version="1.0" encoding="UTF-8"?>
<project-private xmlns="http://www.netbeans.org/ns/project-private/1">
    <editor-bookmarks xmlns="http://www.netbeans.org/ns/editor-bookmarks/2" lastBookmarkId="0"/>
    <open-files xmlns="http://www.netbeans.org/ns/projectui-open-files/2">
        <group>
            <file>file:/C:/Users/fbam1/Documents/NetBeansProjects/Andreu.Florencia.RecP1.ProgII122/src/andreu/florencia/recp1/progii122/AndreuFlorenciaRecP1ProgII122.java</file>
            <file>file:/C:/Users/fbam1/Documents/NetBeansProjects/Andreu.Florencia.RecP1.ProgII122/src/andreu/florencia/recp1/progii122/GestorEspectaculos.java</file>
            <file>file:/C:/Users/fbam1/Documents/NetBeansProjects/Andreu.Florencia.RecP1.ProgII122/src/andreu/florencia/recp1/progii122/Transmitible.java</file>
            <file>file:/C:/Users/fbam1/Documents/NetBeansProjects/Andreu.Florencia.RecP1.ProgII122/src/andreu/florencia/recp1/progii122/ObraTeatral.java</file>
            <file>file:/C:/Users/fbam1/Documents/NetBeansProjects/Andreu.Florencia.RecP1.ProgII122/src/andreu/florencia/recp1/progii122/Main.java</file>
            <file>file:/C:/Users/fbam1/Documents/NetBeansProjects/Andreu.Florencia.RecP1.ProgII122/src/andreu/florencia/recp1/progii122/EspectaculoDuplicadoExcepcion.java</file>
            <file>file:/C:/Users/fbam1/Documents/NetBeansProjects/Andreu.Florencia.RecP1.ProgII122/src/andreu/florencia/recp1/progii122/Espectaculo.java</file>
            <file>file:/C:/Users/fbam1/Documents/NetBeansProjects/Andreu.Florencia.RecP1.ProgII122/src/andreu/florencia/recp1/progii122/Concierto.java</file>
            <file>file:/C:/Users/fbam1/Documents/NetBeansProjects/Andreu.Florencia.RecP1.ProgII122/src/andreu/florencia/recp1/progii122/Festival.java</file>
            <file>file:/C:/Users/fbam1/Documents/NetBeansProjects/Andreu.Florencia.RecP1.ProgII122/src/andreu/florencia/recp1/progii122/Calificable.java</file>
            <file>file:/C:/Users/fbam1/Documents/NetBeansProjects/Andreu.Florencia.RecP1.ProgII122/src/andreu/florencia/recp1/progii122/Genero.java</file>
            <file>file:/C:/Users/fbam1/Documents/NetBeansProjects/Andreu.Florencia.RecP1.ProgII122/src/andreu/florencia/recp1/progii122/Clasificacion.java</file>
        </group>
    </open-files>
</project-private>
